doi,title,year,citations,is_oa,type
https://doi.org/10.1016/j.corsci.2023.111017,Metastable pitting corrosion behavior and characteristics of passive film of laser powder bed fusion produced Ti–6Al–4V in NaCl solutions with different concentrations,2023,199,True,article
https://doi.org/10.1016/j.corsci.2023.111112,On the use of the Langmuir and other adsorption isotherms in corrosion inhibition,2023,164,True,article
https://doi.org/10.1016/j.corsci.2023.111025,Experimental comparison of gaseous and electrochemical hydrogen charging in X65 pipeline steel using the permeation technique,2023,118,True,article
https://doi.org/10.1016/j.corsci.2023.111296,Synergistic inhibition effect of Mikania micrantha extract with potassium iodide on the corrosion of cold rolled steel in methanesulfonic acid solution,2023,104,True,article
https://doi.org/10.1016/j.corsci.2023.111591,Study on the oxidation behavior of a novel thermal barrier coating system using the nanocrystalline coating as bonding coating on the single-crystal superalloy,2023,100,True,article
https://doi.org/10.1016/j.corsci.2024.112636,Printed cellular structure enhancing re-passivation of stress corrosion cracking in high-temperature water,2024,61,True,article
https://doi.org/10.1016/j.corsci.2023.111764,Effect of microstructure on hydrogen embrittlement and hydrogen-induced cracking behaviour of a high-strength pipeline steel weldment,2023,59,True,article
https://doi.org/10.1016/j.corsci.2023.111453,New insights into hydrogen trapping and embrittlement in high strength aluminum alloys,2023,57,True,article
https://doi.org/10.1016/j.corsci.2025.112971,Mutual FCC-BCC phase transition driving surface homogenization in a novel core-shell medium-entropy alloy after exposure to supercritical water,2025,56,True,article
https://doi.org/10.1016/j.corsci.2023.111361,Effects of heat treatments on the microstructure and localized corrosion behaviors of AA7075 aluminum alloy,2023,53,True,article
https://doi.org/10.1016/j.corsci.2024.112399,Improved mechanical and corrosion properties through high-pressure phase transition in a biodegradable Zn-1.5Mn alloy,2024,52,True,article
https://doi.org/10.1016/j.corsci.2025.112974,Integrated effects of non-equilibrium microstructures on stress corrosion cracking susceptibility of post-treated laser powder-bed-fusion 316 L stainless steels,2025,52,True,article
https://doi.org/10.1016/j.corsci.2024.111988,Influence of Severe Surface Plastic Deformation Induced by Shot Peening on Microstructure and Corrosion Resistance of fine grained 316 L stainless steel,2024,51,True,article
https://doi.org/10.1016/j.corsci.2023.111372,Dislocation-assisted localised pitting corrosion behaviour of Al Si Mg Cu Mn alloy,2023,49,True,article
https://doi.org/10.1016/j.corsci.2024.111889,Corrosion protection of zinc by LDH conversion coatings,2024,46,True,article
https://doi.org/10.1016/j.corsci.2023.111570,Mitigation effects of over-aging (T73) induced intergranular corrosion on stress corrosion cracking of AA7075 aluminum alloy and behaviors of η phase grain boundary precipitates during the intergranular corrosion formation,2023,45,True,article
https://doi.org/10.1016/j.corsci.2023.110965,Electrochemical corrosion and electrochemical migration characteristics of SAC-1Bi-xMn solder alloys in NaCl solution,2023,42,True,article
https://doi.org/10.1016/j.corsci.2024.112066,A comparative study on the passive film and SCC behavior of Ti-6Al-3Nb-2Zr-1Mo alloy at various test temperatures in simulated seawater,2024,42,True,article
https://doi.org/10.1016/j.corsci.2023.111125,Extracellular electron transfer corrosion mechanism of two marine structural steels caused by nitrate reducing Halomonas titanicae,2023,41,True,article
https://doi.org/10.1016/j.corsci.2023.111809,Electrochemical corrosion behaviour and corrosion mechanism of Sn-9Zn-xGe solder alloys in NaCl solution,2023,41,True,article
https://doi.org/10.1016/j.corsci.2024.111846,Perspectives on the unusual electrochemical corrosion of Nickel Aluminum Bronze (NAB) alloy fabricated through laser-powder bed fusion additive manufacturing,2024,40,True,article
https://doi.org/10.1016/j.corsci.2023.111271,Corrosion resistance of β-phase titanium alloys under simulated inflammatory conditions: Exploring the relevance of biocompatible alloying elements,2023,37,True,article
https://doi.org/10.1016/j.corsci.2024.111939,Study of temperature effect on hydrogen embrittlement in X70 pipeline steel,2024,36,True,article
https://doi.org/10.1016/j.corsci.2023.111030,Study on the roles of bisulfite in the stress corrosion cracking of 7050-T7451 aluminum alloy in the thin electrolyte layer environment,2023,35,True,article
https://doi.org/10.1016/j.corsci.2023.111124,A general-purpose adsorption isotherm for improved estimation of standard adsorption free energy,2023,35,True,article
https://doi.org/10.1016/j.corsci.2023.111031,Role of cementite morphology on corrosion layer formation of high-strength carbon steels in sweet and sour environments,2023,33,True,article
https://doi.org/10.1016/j.corsci.2023.111139,On the estimation of standard adsorption free energy from corrosion inhibition efficiencies,2023,32,True,article
https://doi.org/10.1016/j.corsci.2023.111234,Intergranular oxidation of additively manufactured Ni-base alloy 625: The role of Si,2023,32,True,article
https://doi.org/10.1016/j.corsci.2024.112064,Impact of intermetallic phases on the localised pitting corrosion and high-temperature tensile strength of Al–Si Mg Cu Ni alloys,2024,32,True,article
https://doi.org/10.1016/j.corsci.2025.112707,Development of novel Nb and Ta multilayer coatings for corrosion protection of Ti-based bipolar plates for proton exchange membrane fuel cells,2025,32,True,article
https://doi.org/10.1016/j.corsci.2023.111118,The effect of HPAM polymer for enhanced oil recovery on corrosion behaviour of a carbon steel and interaction with the inhibitor under simulated brine conditions,2023,31,True,article
https://doi.org/10.1016/j.corsci.2023.111357,Proposal of a hydrogen embrittlement index for a martensitic advanced high-strength steel,2023,31,True,article
https://doi.org/10.1016/j.corsci.2023.111230,Fine-tuning effect of Direct Laser Interference Patterning on the surface states and the corrosion behavior of a biomedical additively manufactured beta Ti alloy,2023,30,True,article
https://doi.org/10.1016/j.corsci.2023.111600,Growth kinetics and microstructure characteristics of the Zr-Cr interlayer in a Cr-coated Zry-4 alloy exposed to high-temperature steam,2023,30,True,article
https://doi.org/10.1016/j.corsci.2024.112227,Effects of grain boundary chemistry and precipitate structure on intergranular corrosion in Al-Mg-Si alloys doped with Cu and Zn,2024,29,True,article
https://doi.org/10.1016/j.corsci.2024.112542,Corrosion behavior and microstructural effects on passivation film mechanisms in forged Ti-5Al-5Mo-5V-1Cr-1Fe titanium alloy under laser surface remelting,2024,29,True,article
https://doi.org/10.1016/j.corsci.2023.111076,High temperature oxidation and hot corrosion behaviors of PEO and PEO/polysilazane preceramic-based dual-layer coatings on Ti6Al4V alloy,2023,28,True,article
https://doi.org/10.1016/j.corsci.2024.112004,Corrosion mechanisms of plasma welded Nickel aluminium bronze immersed in seawater,2024,28,True,article
https://doi.org/10.1016/j.corsci.2023.111051,In-situ observation of environmentally assisted crack initiation and short crack growth behaviour of new-generation 7xxx series alloys in humid air,2023,27,True,article
https://doi.org/10.1016/j.corsci.2023.111336,Corrosion behavior and mechanisms of the heat-treated Ti5Cu produced by laser powder bed fusion,2023,27,True,article
https://doi.org/10.1016/j.corsci.2023.111669,In-situ measurement of electrochemical activity related to filiform corrosion in organic coated steel by scanning vibrating electrode technique and scanning micropotentiometry,2023,26,True,article
https://doi.org/10.1016/j.corsci.2024.111919,Corrosion and passivation behavior of laser powder bed fusion produced Ti-6Al-4V under various prior plastic deformation strains,2024,26,True,article
https://doi.org/10.1016/j.corsci.2024.112322,Corrosion performance of 6061 aluminium alloy protected by plasma electrolytic oxidation coatings modified by acrylic acid,2024,26,True,article
https://doi.org/10.1016/j.corsci.2023.111013,Improving corrosion resistance of Ti alloy in hydrochloric acid by embedding TiC/TiB and Y2O3 ceramic nano-particles,2023,25,True,article
https://doi.org/10.1016/j.corsci.2023.111333,The critical effect of rust layers on localised corrosion of steel exposed to waterline environments,2023,25,True,article
https://doi.org/10.1016/j.corsci.2023.111651,Corrosion inhibition of decylphosphonate on bare and PEO-coated Mg alloy,2023,25,True,article
https://doi.org/10.1016/j.corsci.2024.112031,A microstructure-sensitive electro-chemo-mechanical phase-field model of pitting and stress corrosion cracking,2024,25,True,article
https://doi.org/10.1016/j.corsci.2024.112235,Numerical exploration of a fully mechanistic mathematical model of aqueous CO2 corrosion in steel pipelines,2024,25,True,article
https://doi.org/10.1016/j.corsci.2025.112796,Mechanism of zinc phosphate conversion coating formation on iron-based substrates,2025,25,True,article
https://doi.org/10.1016/j.corsci.2023.111238,"The effect of porosity, mixed molecular/Knudsen diffusion, and a surface barrier layer on steam corrosion of Yb2Si2O7",2023,24,True,article
https://doi.org/10.1016/j.corsci.2024.111904,Nanoscale perspective on the stress-corrosion cracking behavior of a peak-aged 7XXX-Al alloy,2024,24,True,article
https://doi.org/10.1016/j.corsci.2023.111022,SCC behaviour of laser powder bed fused 316L stainless steel in high-temperature water at 288 °C,2023,23,True,article
https://doi.org/10.1016/j.corsci.2023.111513,Prediction of multilayer Cr/GLC coatings degradation in deep-sea environments based on integrated mechanistic and machine learning models,2023,23,True,article
https://doi.org/10.1016/j.corsci.2024.111867,"Corrosion inhibition mechanism of 2,6-pyridinedicarboxylate depending on magnesium surface treatment",2024,23,True,article
https://doi.org/10.1016/j.corsci.2024.111872,Influence of microstructure on the oxidation behaviour of the Ni-based single crystal superalloy AM1 between 850 and 1050 °C in air,2024,23,True,article
https://doi.org/10.1016/j.corsci.2024.112067,High temperature oxidation of inconel 939 produced by additive manufacturing,2024,23,True,article
https://doi.org/10.1016/j.corsci.2023.111018,Synchrotron-based near ambient-pressure X-ray photoelectron spectroscopy and electrochemical studies of passivation behavior of N- and V-containing martensitic stainless steel,2023,22,True,article
https://doi.org/10.1016/j.corsci.2023.111210,Evaluation of microstructural and environmental effects on the hydrogen uptake and desorption in high-strength carbon steels: A thermal desorption spectroscopy study,2023,22,True,article
https://doi.org/10.1016/j.corsci.2023.111698,Corrosion behavior assessment of an Al-Cu alloy manufactured via laser powder bed fusion,2023,22,True,article
https://doi.org/10.1016/j.corsci.2024.112453,Probing and monitoring multiple forms of localised corrosion occurring concurrently on pipeline steels in marine environments,2024,21,True,article
https://doi.org/10.1016/j.corsci.2023.111598,In situ SR-XRD analysis of corrosion product formation during ‘pseudo-passivation’ of carbon steel in CO2-containing aqueous environments,2023,20,True,article
https://doi.org/10.1016/j.corsci.2024.112202,An electrochemical study of iron carbonate layers formed on carbon steel during corrosion in elevated pressure CO2 environments,2024,20,True,article
https://doi.org/10.1016/j.corsci.2023.110964,Acoustic emission as a reliable technique for filiform corrosion monitoring on coated AA7075-T6: Tailored data processing,2023,19,True,article
https://doi.org/10.1016/j.corsci.2023.111771,Effects of Alcaligenes sp. on corrosion inhibition of sulfate-reducing bacteria in oilfield produced water,2023,19,True,article
https://doi.org/10.1016/j.corsci.2024.112123,Enhancing corrosion resistance and microstructure of the PEO coating layer on 6061 aluminium alloy: The role of first step voltage in plasma electrolytic oxidation,2024,19,True,article
https://doi.org/10.1016/j.corsci.2024.112204,Corrosion maps: Stability and composition diagrams for corrosion problems in CO2 transport,2024,19,True,article
https://doi.org/10.1016/j.corsci.2023.111654,"Long-term corrosion behavior of FeCr(Al, Ni) alloys in O2 + H2O with KCl(s) at 600 °C: Microstructural evolution after breakaway oxidation",2023,18,True,article
https://doi.org/10.1016/j.corsci.2023.111733,Design of alkyl-substituted aminothiazoles to optimise corrosion inhibition for galvanised steel: A combined experimental and molecular modelling approach,2023,18,True,article
https://doi.org/10.1016/j.corsci.2024.112328,"The effect of molecular structure of imidazole-based compounds on corrosion inhibition of Cu, Zn, and Cu-Zn alloys",2024,18,True,article
https://doi.org/10.1016/j.corsci.2025.112947,Corrosion behavior of Mg-11Gd-2Zn-0.4Zr alloy before and after heat treatment: Additive manufacturing versus casting,2025,18,True,article
https://doi.org/10.1016/j.corsci.2024.112092,Local crack arrestability and deformation microstructure evolution of hydrogen-related fracture in martensitic steel,2024,17,True,article
https://doi.org/10.1016/j.corsci.2024.112118,"Effects of surface finishes, heat treatments and printing orientations on stress corrosion cracking behavior of laser powder bed fusion 316L stainless steel in high-temperature water",2024,17,True,article
https://doi.org/10.1016/j.corsci.2024.112584,Oxidation behavior and subsequent mechanical properties of SiC/BN/SiBCN composite after exposure to steam at high temperature,2024,17,True,article
https://doi.org/10.1016/j.corsci.2024.112580,Determination of the hydrogen fugacity during cathodic hydrogen charging of X65 D pipeline steel,2024,17,True,article
https://doi.org/10.1016/j.corsci.2024.112628,Implication of nano-scale grain refinement by severe shot peening on corrosion resistance of additively manufactured 316 L stainless steel,2024,17,True,article
https://doi.org/10.1016/j.corsci.2025.112812,Effect of heat treatment on microstructural evolution and corrosion behavior of wire-arc additive manufactured nickel aluminum bronze alloy,2025,17,True,article
https://doi.org/10.1016/j.corsci.2022.110956,Mechanistic study on the corrosion behaviour of Zinc and Zinc-Calcium alloys designed for enhanced metallic coatings in the presence of chloride and phosphate ions,2023,16,True,article
https://doi.org/10.1016/j.corsci.2024.111945,Enhanced localized corrosion resistance of Ni-based alloy 625 processed by directed energy deposition additive manufacturing,2024,16,True,article
https://doi.org/10.1016/j.corsci.2024.112171,Atmospheric corrosion of iron under a single droplet: A new systematic multi-electrochemical approach,2024,16,True,article
https://doi.org/10.1016/j.corsci.2024.112629,Effects of mechanical stress on the corrosion behaviour of an austenitic stainless steel welded joint – Stress corrosion cracking susceptibility,2024,16,True,article
https://doi.org/10.1016/j.corsci.2024.112648,Assessing the hydrogen embrittlement susceptibility of an existing L360NB natural gas pipeline steel for 100 % hydrogen transport,2024,16,True,article
https://doi.org/10.1016/j.corsci.2025.112943,"A combined microstructural, electrochemical and nanomechanical study of the corrosion and passivation properties of a Cr/CrN multilayer coating",2025,16,True,article
https://doi.org/10.1016/j.corsci.2024.112174,Plasma sprayed duplex ytterbium disilicate/monosilicate EBCs and the transformation from ytterbia to ytterbium monosilicate during burner rig testing,2024,15,True,article
https://doi.org/10.1016/j.corsci.2023.111047,Tribocorrosion at metal-on-metal contacts: The contributing role of geometry and material combination,2023,14,True,article
https://doi.org/10.1016/j.corsci.2024.112271,Monitoring atmospheric corrosion under multi-droplet conditions by electrical resistance sensor measurement,2024,14,True,article
https://doi.org/10.1016/j.corsci.2024.112329,Effect of reactive elements in MCrAlX bond coat for durability improvement of thermal barrier coatings,2024,14,True,article
https://doi.org/10.1016/j.corsci.2024.112396,On the rate determining step of cathodic delamination of delamination-resistant organic coatings,2024,14,True,article
https://doi.org/10.1016/j.corsci.2024.112417,Investigating variations in hydrogen-assisted crack propagation of X52 pipeline steel with different microstructural characteristics,2024,14,True,article
https://doi.org/10.1016/j.corsci.2024.112459,Chemical and structural durability of α-Al2O3 and γ-LiAlO2 layers formed on ODS FeCrAl alloys in liquid lithium lead stirred flow,2024,14,True,article
https://doi.org/10.1016/j.corsci.2025.112719,Enhanced oxidation resistance of additively manufactured Inconel 718 superalloy by surface mechanical attrition treatment,2025,14,True,article
https://doi.org/10.1016/j.corsci.2025.113039,Corrosion behaviour of 316L stainless steel under stress in artificial seawater droplet exposure at elevated temperature and humidity,2025,14,True,article
https://doi.org/10.1016/j.corsci.2023.111410,Sulphur diffusion through a growing chromia scale and effects of water vapour,2023,13,True,article
https://doi.org/10.1016/j.corsci.2024.112354,New insights into the corrosion of orthopedic Ti-6Al-4V under cathodic polarization,2024,13,True,article
https://doi.org/10.1016/j.corsci.2024.112556,"An empirical model of the kinetics of hydrogen-induced cracking in pipeline steel, using statistical distribution models and considering microstructural characteristics and hydrogen diffusion parameters",2024,13,True,article
https://doi.org/10.1016/j.corsci.2025.112799,Microbial corrosion of high manganese austenitic steel by a sulfate reducing bacterium dominated by extracellular electron transfer and intergranular effect,2025,13,True,article
https://doi.org/10.1016/j.corsci.2024.112150,Impact of diffusible hydrogen on corrosion of Alloy 600 at 288 °C: An in-situ electrochemical study,2024,12,True,article
https://doi.org/10.1016/j.corsci.2024.112160,"A predictive model for corrosion of carbon steel exposed to organic acids: Theory and validation in formic, azelaic and citric acid",2024,12,True,article
https://doi.org/10.1016/j.corsci.2024.112523,Exploring the mechanism of stress-induced passive layer degradation in additively manufactured Ni-Fe-Cr-based alloy 718,2024,12,True,article
https://doi.org/10.1016/j.corsci.2024.112551,Characterisation of the deposition and protection performance of Zr conversion coatings on steel and zinc substrates using the response surface methodology,2024,12,True,article
https://doi.org/10.1016/j.corsci.2025.112950,Study on corrosion fatigue of Ti-6Al-4V alloy under hydrostatic pressure environment in 3.5 % NaCl solution,2025,12,True,article
https://doi.org/10.1016/j.corsci.2023.111262,Temperature dependence of high-temperature corrosion on nickel-based alloy in molten carbonates for concentrated solar power applications,2023,11,True,article
https://doi.org/10.1016/j.corsci.2024.112091,How the multi-phase microstructure of a novel tool steel determines its corrosion behaviour in sulphuric acids,2024,11,True,article
https://doi.org/10.1016/j.corsci.2024.112253,The effect of weak acids on active corrosion rate in top-of-line corrosion,2024,11,True,article
https://doi.org/10.1016/j.corsci.2024.112428,Microstructure and hydrogen-induced stress corrosion cracking behaviour of U75V flash-welded joints in high-speed railways,2024,11,True,article
https://doi.org/10.1016/j.corsci.2024.112669,Study on the corrosion mechanism of X65 steel by manganese-oxidizing bacteria in marine environment,2024,11,True,article
https://doi.org/10.1016/j.corsci.2025.112769,Pitting corrosion of austenitic and duplex stainless steels in dilute acids at elevated temperature: Effect of electrolyte chemistry and material microstructure,2025,11,True,article
https://doi.org/10.1016/j.corsci.2025.112824,Experimental approach and assessment of Zr conversion coatings on Al alloy using response surface methodology,2025,11,True,article
https://doi.org/10.1016/j.corsci.2024.112439,"Progressively advantageous long-term corrosion profile of Mo over Mg, Zn, and Fe from the perspective of biodegradable metals",2024,10,True,article
https://doi.org/10.1016/j.corsci.2025.112911,Corrosion behavior in lead-bismuth eutectic of 316 L stainless steels fabricated by laser-based powder bed fusion and powder metallurgy-hot isostatic pressing,2025,10,True,article
https://doi.org/10.1016/j.corsci.2025.112928,Evolution and mechanism of hydrogen gas embrittlement susceptibility for X80 pipeline steel within the service temperature range,2025,10,True,article
https://doi.org/10.1016/j.corsci.2025.112938,Superior tribocorrosion resistance of Mg metal matrix composite by self-sealing PEO coating,2025,10,True,article
https://doi.org/10.1016/j.corsci.2025.113171,Atomistic insights into chloride-induced depassivation mechanisms of protective Cu2O films in marine environments,2025,10,True,article
https://doi.org/10.1016/j.corsci.2023.111415,Effect of Ru in the underlying superalloy on isothermal oxidation performance of Pt-Al coating,2023,9,True,article
https://doi.org/10.1016/j.corsci.2023.111557,Effect of hydrogen on electrochemical behavior of additively manufactured 316L in pressurized water reactor primary water,2023,9,True,article
https://doi.org/10.1016/j.corsci.2024.112133,In depth analysis of the passive film on martensitic tool alloy: Effect of tempering temperature,2024,9,True,article
https://doi.org/10.1016/j.corsci.2024.112524,Uncovering the electrochemical stability and corrosion reaction pathway of Mg (0001) surface: Insight from first-principles calculation,2024,9,True,article
https://doi.org/10.1016/j.corsci.2025.112759,"On the impact of Cr and Ag additions on the grain boundary microchemistry, hydrogen permeability and environmentally assisted cracking mechanism of an Al-Zn-Mg-Cu-Zr 7xxx alloy",2025,9,True,article
https://doi.org/10.1016/j.corsci.2025.112929,Enhancing corrosion resistance through crystallographic texture control in additively manufactured superelastic NiTi alloy,2025,9,True,article
https://doi.org/10.1016/j.corsci.2024.111896,Intergranular corrosion in sensitized austenitic stainless steel subjected to tensile loading and unloading in the elastic-plastic region,2024,8,True,article
https://doi.org/10.1016/j.corsci.2024.112047,The influences of traces of oxygen and sulfide on the corrosion of copper in concentrated chloride solutions,2024,8,True,article
https://doi.org/10.1016/j.corsci.2024.112455,Effect of Hf on high-temperature oxidation behavior of chromia-forming Al CoCrFeNi alloys,2024,8,True,article
https://doi.org/10.1016/j.corsci.2024.112519,Influence of friction stir welding on the localised corrosion behaviour of AA2060 T8E30 and AA2099 T83 Al-Li alloys,2024,8,True,article
https://doi.org/10.1016/j.corsci.2025.112782,Evaluating the importance of flavin-based electron shuttling in corrosion,2025,8,True,article
https://doi.org/10.1016/j.corsci.2025.112987,Corrosion performance of 2205 duplex stainless steel in simulated hydrometallurgical processes: A study of uniform and crevice corrosion,2025,8,True,article
https://doi.org/10.1016/j.corsci.2025.113063,Characteristics of the initiation and propagation of crevice corrosion in stainless steel,2025,8,True,article
https://doi.org/10.1016/j.corsci.2025.113167,Enhanced corrosion resistance of 2024 aluminum alloys with Cr2O3 thin layers by Atomic Layer Deposition,2025,8,True,article
https://doi.org/10.1016/j.corsci.2025.113355,In-situ engineered ZrB2-ZrSi2-MoSi2 coatings with self-healing multiphase glass networks for superior oxidation protection at 1973 K,2025,8,True,article
https://doi.org/10.1016/j.corsci.2023.111744,Electrochemical investigation on localised corrosion under silica sand deposit layers of carbon steel within a bespoke test cell,2023,7,True,article
https://doi.org/10.1016/j.corsci.2024.112219,"Hydrogen diffusivity, uptake and embrittlement of solution annealed and cold deformed austenitic stainless steel 1.4435 at hydrogen pressures up to 1000 bar and 200 °C",2024,7,True,article
https://doi.org/10.1016/j.corsci.2024.112462,Influence of convection during droplet evaporation on corrosion product distribution in CFRP-AA2024 galvanic couple: Modeling and experimental approaches,2024,7,True,article
https://doi.org/10.1016/j.corsci.2025.112695,New insights into corrosion initiation and propagation in a hot-dip Al-Zn-Mg-Si alloy coating via multiscale analytical microscopy,2025,7,True,article
https://doi.org/10.1016/j.corsci.2025.112939,Microelectrochemical identification of the submicron-sized initiation site for pitting corrosion in 17–4PH stainless steel,2025,7,True,article
https://doi.org/10.1016/j.corsci.2025.112985,In situ microscopy and electrochemical characteristics of initiation of intergranular corrosion of aging-treated Al–1Mg–0.65Si–0.8Cu alloy in 0.1 M NaCl,2025,7,True,article
https://doi.org/10.1016/j.corsci.2025.113201,Stress corrosion cracking susceptibility and propagation behavior of TC4 titanium alloy in simulated deep-sea environment,2025,7,True,article
https://doi.org/10.1016/j.corsci.2023.111209,The impact of co-deposited silicon impurity on oxidation of silicon carbide coatings in the air and in steam at high temperatures,2023,6,True,article
https://doi.org/10.1016/j.corsci.2024.112050,"Alloying effects of Al, Si and Fe on Ni-20Cr alloy oxidation in water vapour at 650 °C",2024,6,True,article
https://doi.org/10.1016/j.corsci.2024.112429,Direct evidence of hydrogen bubble evolution as an acoustic emission source in metal corrosion,2024,6,True,article
https://doi.org/10.1016/j.corsci.2025.112849,Understanding the effect of oxide ions on Solar Salt chemistry and corrosion mechanism of 316 L stainless steel at 600 °C,2025,6,True,article
https://doi.org/10.1016/j.corsci.2025.113154,Corrosion and environmental sensor response delays during monitored multi-droplet wetting: Unraveling time lags in atmospheric corrosion,2025,6,True,article
https://doi.org/10.1016/j.corsci.2025.112801,Topographical and statistical studies of the corrosion damage underneath a sulfide film formed on a Cu surface,2025,5,True,article
https://doi.org/10.1016/j.corsci.2025.112800,Effect of ageing temperature on the microstructure and localised corrosion of 15–5PH stainless steel,2025,5,True,article
https://doi.org/10.1016/j.corsci.2025.112851,Correlated chromium carbide dissociation and phase transformation in liquid lead-bismuth eutectic corroded T91 steel,2025,5,True,article
https://doi.org/10.1016/j.corsci.2025.112992,Comparative oxidation behavior of columnar and equiaxed Cr2AlC coatings,2025,5,True,article
https://doi.org/10.1016/j.corsci.2025.113080,Large language models predicting the corrosion inhibition efficiency of magnesium dissolution modulators,2025,5,True,article
https://doi.org/10.1016/j.corsci.2025.113184,Machine learning-enhanced optical monitoring for identifying pitting-susceptible zones in 316L stainless steel,2025,5,True,article
https://doi.org/10.1016/j.corsci.2024.112585,Growth mechanism of chromia scales on a model Ni-30Cr alloy at high temperatures,2024,4,True,article
https://doi.org/10.1016/j.corsci.2025.112846,In situ ICP-MS analysis of passivation process and selective dissolution of Fe-15Cr alloy in sulfuric acid,2025,4,True,article
https://doi.org/10.1016/j.corsci.2025.112909,Dealloying of Monel 400 in nuclear steam generators,2025,4,True,article
https://doi.org/10.1016/j.corsci.2025.113095,Type-II hot corrosion investigation of the DS200 +Hf superalloy at the γ/γ' scale,2025,4,True,article
https://doi.org/10.1016/j.corsci.2025.113121,Inhibitive effect of chloride on copper corrosion in dilute nitric acid,2025,4,True,article
https://doi.org/10.1016/j.corsci.2024.112248,High-temperature hot corrosion kinetics of PVD Ti1-xAlxN coatings on Nimonic c-263,2024,3,True,article
https://doi.org/10.1016/j.corsci.2023.111140,The causation of hydrogen embrittlement of duplex stainless steel: Phase instability of the austenite phase and ductile-to-brittle transition of the ferrite phase – Synergy between experiments and modelling,2023,32,True,article
https://doi.org/10.1016/j.corsci.2023.111045,Oxygen vacancy modified α-Fe2O3 nanorods provide an environment-friendly and efficient anti-corrosion passive film into polymer coating,2023,30,True,article
https://doi.org/10.1016/j.corsci.2023.111012,Living marine bacterium Tenacibaculum mesophilum D-6 inhibits crevice corrosion of X70 carbon steel,2023,25,True,article
https://doi.org/10.1016/j.corsci.2023.110960,Fungi corrosion of high-strength aluminum alloys with different microstructures caused by marine Aspergillus terreus under seawater drop,2023,24,True,article
https://doi.org/10.1016/j.corsci.2023.111093,Effect of nickel on the oxidation behavior of FeCrAl alloy in simulated PWR and BWR conditions,2023,22,True,article
https://doi.org/10.1016/j.corsci.2023.110999,Corrosion behavior and mechanism of laser powder bed fusion produced CoCrW in an acidic NaCl solution,2023,21,True,article
https://doi.org/10.1016/j.corsci.2023.111114,"In situ, real-time imaging of redox-active species on Al/Cu galvanic couple and corrosion inhibition with 2-mercaptobenzimidazole and octylphosphonic acid",2023,19,True,article
https://doi.org/10.1016/j.corsci.2023.111155,The long-term corrosion behavior of FeCrAl(Si) alloys after breakaway oxidation at 600 °C,2023,19,True,article
https://doi.org/10.1016/j.corsci.2023.111309,Predicting the parabolic growth rate constant for high-temperature oxidation of steels using machine learning models,2023,19,True,article
https://doi.org/10.1016/j.corsci.2024.112088,Manipulating nanostructure during wire arc additive manufacturing defeats hydrogen embrittlement,2024,19,True,article
https://doi.org/10.1016/j.corsci.2023.111135,Effect of Al concentration on Fe-17Cr alloy during steam oxidation at 400 °C,2023,17,True,article
https://doi.org/10.1016/j.corsci.2023.111358,Improvement of hydrogen embrittlement by void formation at coating layers of Sb-added Al-Si-coated hot-press-forming steels,2023,17,True,article
https://doi.org/10.1016/j.corsci.2023.111703,High-temperature oxidation behaviour of a Co-based superalloy fabricated through laser powder bed fusion,2023,17,True,article
https://doi.org/10.1016/j.corsci.2024.112053,The Positive impact of biomineralization for marine corrosion protection of AA5083 alloy,2024,17,True,article
https://doi.org/10.1016/j.corsci.2024.112043,"Mechanism of local hydrogen entry into Fe sheets induced by atmospheric corrosion: Significance of potential, pH, and rust layer thickness",2024,16,True,article
https://doi.org/10.1016/j.corsci.2024.111989,Insight into the corrosion behaviors and mechanism of the self-healing Si/N-DLC films in oilfield environment,2024,15,True,article
https://doi.org/10.1016/j.corsci.2023.111008,Stress corrosion crack initiation in filler metal 82 in oxygenated high-temperature water,2023,14,True,article
https://doi.org/10.1016/j.corsci.2023.111166,Localized and stress corrosion cracking of sensitized Al-Mg-Sc-Zr alloy manufactured by laser powder bed fusion,2023,14,True,article
https://doi.org/10.1016/j.corsci.2024.111880,Effect of FeCO3 corrosion product scale on hydrogen adsorption and permeation of pipeline steel in gaseous hydrogen-blended natural gas transportation,2024,14,True,article
https://doi.org/10.1016/j.corsci.2024.112274,Enhancing adhesion and durability: A biomimetic approach with dopamine-modified lignin-polydimethylsiloxane coatings,2024,14,True,article
https://doi.org/10.1016/j.corsci.2023.111057,Effect of coating degradation on the hot corrosion behaviour of directionally solidified superalloy,2023,13,True,article
https://doi.org/10.1016/j.corsci.2023.111109,Hydrogen embrittlement characteristics in cold-drawn high-strength stainless steel wires,2023,13,True,article
https://doi.org/10.1016/j.corsci.2023.111552,Unravelling the impact of CoNiCrAlY coating microstructure and composition on the formation of duplex oxide scales,2023,13,True,article
https://doi.org/10.1016/j.corsci.2024.111902,Corrosion of 316L exposed to highly concentrated borated water used as shield in nuclear fusion experimental reactors cooling circuits,2024,13,True,article
https://doi.org/10.1016/j.corsci.2024.111910,Effect of delayed inhibitor supply on AA2024-T3 intermetallic activity: A local in situ analysis with reflected microscopy,2024,13,True,article
https://doi.org/10.1016/j.corsci.2023.111773,Protectiveness and stability of iron carbonate films on carbon steel in mildly alkaline aqueous alkanolamine CO2 environments,2023,12,True,article
https://doi.org/10.1016/j.corsci.2024.111940,Unveiling the effect of magnetite on the synergistic action of deposits and microorganisms on carbon steel corrosion,2024,12,True,article
https://doi.org/10.1016/j.corsci.2024.112000,Evolution from near-neutral to high-pH environments susceptible to stress corrosion cracking: The role of sulfate and bicarbonate,2024,12,True,article
https://doi.org/10.1016/j.corsci.2024.112409,Comparative study on the effect of Nb/Mo alloying on the oxidation behavior of Ti42Al5Mn alloy,2024,12,True,article
https://doi.org/10.1016/j.corsci.2023.111046,Revealing the effect of heat treatment on stress corrosion cracking behavior of Monel 400 alloy in hydrofluoric acid vapor environment,2023,11,True,article
https://doi.org/10.1016/j.corsci.2023.111569,Unravelling the effect of F phase on hydrogen-assisted intergranular cracking in nickel-based Alloy 725: Experimental and DFT study,2023,11,True,article
https://doi.org/10.1016/j.corsci.2023.111767,Corrosion behavior of an oxide nanotube-coated β-type Ti-45Nb implant alloy in a simulated inflammatory solution,2023,11,True,article
https://doi.org/10.1016/j.corsci.2024.111868,Effect of formic acid (HCOOH) on the corrosion protectiveness of magnetite (Fe3O4) at elevated temperature,2024,11,True,article
https://doi.org/10.1016/j.corsci.2024.112018,Four-dimensional electrochemical impedance spectroscopy: Role of microstructure on corrosion behaviour of Al-Si alloys additive-manufactured by laser powder bed fusion,2024,11,True,article
https://doi.org/10.1016/j.corsci.2023.111387,Ex‐situ synchrotron X‐ray diffraction study of CO2 corrosion‐induced surface scales developed in low‐alloy steel with different initial microstructure,2023,10,True,article
https://doi.org/10.1016/j.corsci.2023.111463,Research on aggressiveness of CMAS+NaVO3 mixtures towards thermal barrier coatings from the perspective of physical and chemical characteristics,2023,10,True,article
https://doi.org/10.1016/j.corsci.2023.111594,Effect of Co vs. Fe content on early stages of oxidation of Co-Cr-Fe-Mn-Ni-Si complex concentrated alloys at 800 °C,2023,10,True,article
https://doi.org/10.1016/j.corsci.2023.111658,Model for corrosion of copper in a nuclear waste repository,2023,10,True,article
https://doi.org/10.1016/j.corsci.2024.112135,Electrochemical characterization of localized corrosion mechanism of ALD Al2O3-coated copper for microelectronic application,2024,9,True,article
https://doi.org/10.1016/j.corsci.2024.112151,Effect of SO2 on corrosion behaviour of Ni-base alloys in a simulated combustion environment,2024,9,True,article
https://doi.org/10.1016/j.corsci.2024.112177,Effect of oxygen dissolution on the mechanical behavior of thin Ti-6Al-4V specimens oxidized at high temperature: Experimental and modeling approach,2024,9,True,article
https://doi.org/10.1016/j.corsci.2024.112194,Computational chemistry analysis of passive layer formation and breakdown mechanisms in ferritic stainless steels,2024,9,True,article
https://doi.org/10.1016/j.corsci.2024.112265,Effects of H2 on microstructures of Cr2O3 scales grown in water vapour and consequences for breakaway,2024,9,True,article
https://doi.org/10.1016/j.corsci.2024.112501,In situ growth of large-scale and ultrathin carbon nitride films shield common metal substrates from corrosion and oxidation,2024,9,True,article
https://doi.org/10.1016/j.corsci.2024.112558,Corrosion inhibition of WE43 Mg alloy by salicylic compounds: Influence of nitro substitution,2024,9,True,article
https://doi.org/10.1016/j.corsci.2024.112627,Electrochemical behavior of laser powder bed fused nickel aluminum bronze: As-built and tempered alloys,2024,9,True,article
https://doi.org/10.1016/j.corsci.2025.112913,Pitting corrosion mechanisms of Ti-Cu-(Pd-) based metallic glasses in simulated physiological solution,2025,9,True,article
https://doi.org/10.1016/j.corsci.2023.111704,Correlating X-ray computed tomography observations with respirometric measurement of aluminium alloy 6063 corrosion under FeCl3 droplets,2023,8,True,article
https://doi.org/10.1016/j.corsci.2024.112565,"Wet oxidation of amorphous and crystalline Cu–Zr alloys probed by thermodynamic, kinetic, and instrumental analyses",2024,8,True,article
https://doi.org/10.1016/j.corsci.2023.111434,Early oxidation stages of austenitic stainless steel monitored using Mn as tracer,2023,7,True,article
https://doi.org/10.1016/j.corsci.2024.111845,Monitoring alterations in a salt layer’s deliquescence properties during the atmospheric corrosion of a metal surface using a quartz crystal microbalance,2024,7,True,article
https://doi.org/10.1016/j.corsci.2024.112027,CO2 corrosion resistance of low-alloy steel tempered at different temperatures,2024,7,True,article
https://doi.org/10.1016/j.corsci.2024.112451,Surface treatments on 3D printed Ti6Al4V biomedical plates to enhance corrosion resistance in simulated physiological solutions and under inflammatory conditions,2024,7,True,article
https://doi.org/10.1016/j.corsci.2024.112513,"Corrosion Inhibition of AZ31-xLi (x = 4, 8, 12) magnesium alloys in sodium chloride solutions by aqueous molybdate",2024,7,True,article
https://doi.org/10.1016/j.corsci.2025.112803,Dynamic response to fluctuating input of Nb:Ti:N film modified Ti bipolar plates for proton exchange membrane water electrolyser,2025,7,True,article
https://doi.org/10.1016/j.corsci.2025.112844,Effect of minor addition of Zn on precipitate crystal structures and intergranular corrosion in 6082 Al-Mg-Si alloys,2025,7,True,article
https://doi.org/10.1016/j.corsci.2025.113129,Passivity and breakdown mechanisms in laser powder bed fusion processed Ni-based Alloy 625: Influence of scan strategy,2025,7,True,article
https://doi.org/10.1016/j.corsci.2025.113183,Factors to consider in the quest for organic alternatives to hexavalent chromium based corrosion inhibitors,2025,7,True,article
https://doi.org/10.1016/j.corsci.2024.112284,Cold sprayed Ta-Ag composites: Mechanistic insight into enhanced corrosion resistance and antibacterial ability,2024,6,True,article
https://doi.org/10.1016/j.corsci.2025.112677,In vitro corrosion behavior of zinc ion-implanted absorbable iron in Hank’s solution,2025,6,True,article
https://doi.org/10.1016/j.corsci.2025.112847,"Improved oxidation behavior of M–20Cr–20Ta (M: Ni, Fe, Co) ternary alloys by formation of complex Cr–Ta-based oxides",2025,6,True,article
https://doi.org/10.1016/j.corsci.2023.111385,Assessment of corrosive attack of Fe9Cr1Mo alloys in pressurised CO2 for prediction of breakaway oxidation,2023,5,True,article
https://doi.org/10.1016/j.corsci.2024.112212,Quantitative study on the metal dissolution reaction with multivalent cations by a modified SECM mode: Pure Ti as a case,2024,5,True,article
https://doi.org/10.1016/j.corsci.2024.112318,"Anoxic corrosion of carbon steel in high pH cementitious media and high temperature conditions: New insights on the formation of (Fe,Al)Si-hydrogarnet corrosion product",2024,5,True,article
https://doi.org/10.1016/j.corsci.2024.112485,"Synergistic effects of Pt and Y addition in (Ni, Pt)CrAlY bond coat on oxide spallation resistance and growth of interdiffusion zone between bond coat and Ni-based single crystal superalloy",2024,5,True,article
https://doi.org/10.1016/j.corsci.2024.112637,Effect of hydrogen on corrosion resistance and fatigue properties of near-β Ti-5Al-5Mo-5V-3Cr-1Zr alloy,2024,5,True,article
https://doi.org/10.1016/j.corsci.2025.112853,Steam oxidation behaviour of electrophoretically deposited (EPD) Yb2Si2O7 environmental barrier coatings (EBCs),2025,5,True,article
https://doi.org/10.1016/j.corsci.2025.112861,Corrosion protection in a coating defect on AA2024-T3 by lithium carbonate inhibitor leaching: An experimentally validated FEM approach,2025,5,True,article
https://doi.org/10.1016/j.corsci.2025.112960,"Flow, chloride, and pH effects on carbon steel corrosion in BWR cold shutdown: Development of a 4-STEP corrosion model",2025,5,True,article
https://doi.org/10.1016/j.corsci.2025.113052,Corrosion sensitivity of nickel-based Alloy Inconel 600 in pressurized water reactor water chemistry: Can KOH replace LiOH?,2025,5,True,article
https://doi.org/10.1016/j.corsci.2023.111263,Inhibiting the formation of planar defects in grown alumina scale on Ni-Al alloys,2023,4,True,article
https://doi.org/10.1016/j.corsci.2023.111613,Microstructural and micromechanical characterization of intergranular oxidation in Fe-15Cr alloy,2023,4,True,article
https://doi.org/10.1016/j.corsci.2023.111728,Long-term effects of soft-chromising Ni-electroplated AISI 441 commodity steel for SOC stack interconnects,2023,4,True,article
https://doi.org/10.1016/j.corsci.2023.111805,Iron oxide fluxing and precipitation in sulphate deposits during heat-resistant alloy corrosion in simulated combustion gas,2023,4,True,article
https://doi.org/10.1016/j.corsci.2024.112115,"Corrosion of austenitic and ferritic steels, Kovar, and molybdenum in liquid Sb-Bi alloys with different compositions",2024,4,True,article
https://doi.org/10.1016/j.corsci.2024.112472,Heterogeneous corrosion of carbon steel used for casing in deep geological radioactive waste repository in contact with claystone,2024,4,True,article
https://doi.org/10.1016/j.corsci.2025.112896,Influence of aluminizing and pre-oxidation on corrosion behavior of 316Ti in liquid Pb at 600–700 °C,2025,4,True,article
https://doi.org/10.1016/j.corsci.2025.112903,An efficient screening of dissolution modulators of Mg alloys: Combining high-throughput multi-well exposure with topographical quantification of volume loss and pitting corrosion,2025,4,True,article
https://doi.org/10.1016/j.corsci.2025.113012,Analysis and quantification of high-temperature corrosion in lignite fired boilers using an online monitoring system,2025,4,True,article
https://doi.org/10.1016/j.corsci.2025.113076,Dual role of marine bacteria Pseudoalteromonas NCIMB 2021 in corrosion of mild steel in artificial seawater,2025,4,True,article
https://doi.org/10.1016/j.corsci.2024.111909,Effect of blue light illumination on atmospheric corrosion and bacterial adhesion on copper,2024,3,True,article
https://doi.org/10.1016/j.corsci.2024.112056,Dealloying of Monel 400 in acetate solutions: Predicting susceptibility using Thermo-Kinetic diagrams,2024,3,True,article
https://doi.org/10.1016/j.corsci.2024.112090,Localized corrosion of thermally aged Cu-containing Ni-13Cr-10Fe alloys: The role of Cu enrichment induced grain boundary sensitization,2024,3,True,article
https://doi.org/10.1016/j.corsci.2024.112149,Borate configuration and surface pre-functionalization effects on the boronizing behavior and corrosion inhibition,2024,3,True,article
https://doi.org/10.1016/j.corsci.2024.112518,Observation of natural convection and particle ejection from stainless steel single pits,2024,3,True,article
https://doi.org/10.1016/j.corsci.2025.113098,Influence of steam flow rate on oxidation kinetics of silicon carbide at 1400–1600 °C,2025,3,True,article
https://doi.org/10.1016/j.corsci.2025.113251,Investigation of hydrogen embrittlement of an API 5 L X52 pipeline through potentiostatic charging,2025,3,True,article
https://doi.org/10.1016/j.corsci.2025.113241,Coordination of azole-type corrosion inhibitors with copper ions: A DFT study,2025,3,True,article
https://doi.org/10.1016/j.corsci.2025.113301,High temperature oxidation of Ni-based superalloy 247 produced by electron beam powder bed fusion additive manufacturing,2025,3,True,article
https://doi.org/10.1016/j.corsci.2025.113394,Gaseous hydrogen permeation behavior of the base metal and weld metal of X42 and X52 pipeline steels under different hydrogen pressure,2025,3,True,article
https://doi.org/10.1016/j.corsci.2023.111616,Corrosion behavior of Fe based container alloys in molten Na2CO3-K2CO3 as thermal energy storage medium for reversible solid oxide cells,2023,2,True,article
https://doi.org/10.1016/j.corsci.2023.111722,Oxidation-creep interactions for an Hf-doped Ni-based superalloy with different wall thickness at 760 °C,2023,2,True,article
https://doi.org/10.1016/j.corsci.2024.112423,Effect of CrCl2 or VCl2 addition on corrosion of Cr metal in molten MgCl2-KCl,2024,2,True,article
https://doi.org/10.1016/j.corsci.2024.112496,Understanding preferential intergranular oxidation in alloy X-750 in 480 °C CO-CO2 environments at the nanoscale,2024,2,True,article
https://doi.org/10.1016/j.corsci.2025.113015,The development of Ni-Cr-W corrosion resistant alloys immune to sensitization,2025,2,True,article
https://doi.org/10.1016/j.corsci.2025.113023,Effects of Zn and Ni addition on the Co incorporation in 316 SS oxide formed under simulated BWR conditions,2025,2,True,article
https://doi.org/10.1016/j.corsci.2025.113071,Advances in understanding the initial stages of biomineralisation on AlMg 5083 aluminium alloy in a marine environment: Influence of microbial activity and polarisation,2025,2,True,article
https://doi.org/10.1016/j.corsci.2025.113142,Pb corrosion of ferritic/martensitic steels at 600–700 °C,2025,2,True,article
https://doi.org/10.1016/j.corsci.2025.113145,An elastoplastic formulation for mechanical-electrochemical corrosion damage under cyclic loading,2025,2,True,article
https://doi.org/10.1016/j.corsci.2025.113321,Transpassive-repassivation process of Ni-base superalloys: The role of hidden subsurface alloy layer,2025,2,True,article
https://doi.org/10.1016/j.corsci.2025.113423,The influence of aging temperature on microstructure and intergranular corrosion of Al-Mg-Si alloys with low concentrations of Cu and Zn,2025,2,True,article
https://doi.org/10.1016/j.corsci.2025.113523,Combination of dopamine and tyrosinase as a green corrosion inhibitor for carbon steel,2025,2,True,article
https://doi.org/10.1016/j.corsci.2025.113496,Understanding hydrogen diffusion and trapping in overaged 7xxx series Al alloys using a reliable electrochemical hydrogen permeation method,2025,2,True,article
https://doi.org/10.1016/j.corsci.2025.112822,Influence of pre-exposure on low-temperature embrittlement of alloy 82 welds in simulated PWR primary water environment,2025,1,True,article
https://doi.org/10.1016/j.corsci.2025.113104,Investigation on the effect of different components of no-clean flux chemistry on coating performance for printed circuit boards,2025,1,True,article
https://doi.org/10.1016/j.corsci.2025.113311,Effect of CaO/MgO bilayer film formation on nonflammability and oxidation resistance of Mg–Al–Ca alloys determined by high-temperature in situ residual stress measurement,2025,1,True,article
https://doi.org/10.1016/j.corsci.2023.111163,Investigation of quasi-cleavage in a hydrogen charged maraging stainless steel,2023,12,True,article
https://doi.org/10.1016/j.corsci.2023.111376,Improved corrosion resistance of cathodic arc evaporated Al0.7Cr0.3−xVxN coatings in NaCl-rich media,2023,8,True,article
https://doi.org/10.1016/j.corsci.2023.111388,Model development methodology for localized corrosion of copper,2023,8,True,article
https://doi.org/10.1016/j.corsci.2023.111562,"Small concentrations of NaCl help building stable inhibiting layers from 2,5-dimercapto-1,3,4-thiadiazole (DMTD) on AA2024-T3",2023,8,True,article
https://doi.org/10.1016/j.corsci.2024.111954,Time-dependent high-pressure CO2-induced corrosion and mechanical degradation in lightweight fly-ash cement/P110 steel system,2024,8,True,article
https://doi.org/10.1016/j.corsci.2023.111010,Oxidation inhibition of 3D printed porous steel by ceria-activated multilayers,2023,7,True,article
https://doi.org/10.1016/j.corsci.2024.111937,Effects of Bi on microstructure and corrosion behavior of Zr-1 Nb alloy in 500 °C/10.3 MPa superheated steam,2024,7,True,article
https://doi.org/10.1016/j.corsci.2023.111364,Role of Zn injection on mitigating stress corrosion cracking initiation of Alloy 182 weld metal in simulated light water reactor environment,2023,6,True,article
https://doi.org/10.1016/j.corsci.2023.111724,Integrating APS TBCs with a built-in Al2O3 protection network for superior CMAS resistance,2023,6,True,article
https://doi.org/10.1016/j.corsci.2024.112061,Spatiotemporally resolved corrosion protection of AA2024-T3 by a lithium-based conversion layer,2024,6,True,article
https://doi.org/10.1016/j.corsci.2024.112179,Unveiling the diffusion pathways under high-temperature oxidation of Cr2AlC MAX phase via nanoscale analysis,2024,6,True,article
https://doi.org/10.1016/j.corsci.2024.112261,High-throughput aqueous passivation behavior of thin-film vs. bulk multi-principal element alloys in sulfuric acid,2024,6,True,article
https://doi.org/10.1016/j.corsci.2024.112333,Oxidation of additive manufactured 699XA Ni-based alloy under different atmospheres,2024,6,True,article
https://doi.org/10.1016/j.corsci.2024.112605,Austenitization triggering breakaway oxidation of FeCr-base alloys at 900 °C,2024,6,True,article
https://doi.org/10.1016/j.corsci.2024.112270,Intermetallic particles distribution in 7010-T7451 and 7175-T6 aluminium alloys substrate impacts cathodic stability of silicate sealed anodic oxide film,2024,5,True,article
https://doi.org/10.1016/j.corsci.2024.112410,Corrosion behavior of laser powder bed fusion manufactured nickel-free stainless steels in high-temperature water,2024,5,True,article
https://doi.org/10.1016/j.corsci.2025.112932,"Effect of hydrogen on oxidation of Fe-20Cr-(1Si, 2Mn or 2Al) alloys in water vapour at 650 °C",2025,5,True,article
https://doi.org/10.1016/j.corsci.2025.112924,Bridging static corrosion behavior and stress corrosion cracking susceptibility in dilute Mg-Zn-Ca alloys,2025,5,True,article
https://doi.org/10.1016/j.corsci.2025.112951,Understanding the Al diffusion pathway during atmospheric corrosion of a Mg-Al alloy using atom probe tomography,2025,5,True,article
https://doi.org/10.1016/j.corsci.2025.112967,Comprehensive analysis of alloy 800 corrosion using Thermo-Kinetic diagrams,2025,5,True,article
https://doi.org/10.1016/j.corsci.2025.113027,Role of aging time and Cu/Zn additions on the microstructure and intergranular corrosion resistance of 6082 Al-Mg-Si alloy,2025,5,True,article
https://doi.org/10.1016/j.corsci.2025.113260,Premature breakaway oxidation of ferritic stainless steels triggered by austenitization,2025,5,True,article
https://doi.org/10.1016/j.corsci.2024.111998,Investigating the origins of the 'double rise' shape in hydrogen permeation transients on pure iron,2024,4,True,article
https://doi.org/10.1016/j.corsci.2024.112045,Quantitative phase-field model to simulate low carbon steel aqueous corrosion phenomena,2024,4,True,article
https://doi.org/10.1016/j.corsci.2025.113029,Design of an EIS-based sensor for indirect non-invasive corrosion inspection,2025,4,True,article
https://doi.org/10.1016/j.corsci.2024.111955,On the critical pit stability product of stainless steel as a function of pit depth,2024,3,True,article
https://doi.org/10.1016/j.corsci.2025.112870,Effect of iron content on the corrosion rate of a new Mg-Zn-Al-Ca-Ce-Mn alloy system,2025,3,True,article
https://doi.org/10.1016/j.corsci.2025.112965,Sequential oxidation and hydrothermal corrosion of FeCrAl alloys at BWR top-of-core conditions,2025,3,True,article
https://doi.org/10.1016/j.corsci.2025.112745,The influence of microstructure on the corrosion behavior of platinum used for cochlea implant electrodes,2025,2,True,article
https://doi.org/10.1016/j.corsci.2025.112860,Mechanisms of laminar flow controlled in vitro corrosion of a biodegradable Fe-Mn-C steel,2025,2,True,article
https://doi.org/10.1016/j.corsci.2025.112897,Experimental and modeling studies on the oxygen ingression behavior at the crevices of stainless steels in high-temperature water,2025,2,True,article
https://doi.org/10.1016/j.corsci.2025.113186,Effect of triethanolamine borate on corrosion resistance of hot-rolled mild steels in industrial laminar cooling processes,2025,2,True,article
https://doi.org/10.1016/j.corsci.2025.113212,Hydrogen embrittlement susceptibility of additively manufactured high-strength low-alloy AISI 4340 steel,2025,2,True,article
https://doi.org/10.1016/j.corsci.2025.112878,"Sanicro 25 in advanced ultra-supercritical (AUSC) steam: Oxidation behaviour of a high strength, heat-resistant austenitic stainless steel for high-efficiency coal-fired power plants",2025,1,True,article
https://doi.org/10.1016/j.corsci.2025.112979,"Formation of UO2 on stainless steel 316 corroded in NaCl-KCl-UClx (x = 3,4) salts: Effect of crucible material",2025,1,True,article
https://doi.org/10.1016/j.corsci.2025.113149,Characterisation of passive layer on steel immersed in MgO-SiO2 binder suspension solution,2025,1,True,article
https://doi.org/10.1016/j.corsci.2025.113282,Hydrogen permeation into duplex steel under compressive and tensile stresses: Symmetric lattice swelling and asymmetric stress redistribution,2025,1,True,article
https://doi.org/10.1016/j.corsci.2025.113290,"Eutectics, oxide scales and solubility limits: Understanding divergent oxidation mechanisms in NiAlYX (X = Si, Ta, Nb, and Ti) alloys for marine applications",2025,1,True,article
https://doi.org/10.1016/j.corsci.2025.113319,Assessment of carbon steel and corrosion resistant alloy corrosion in geothermal environments containing sulphuric acid,2025,1,True,article
https://doi.org/10.1016/j.corsci.2025.113323,Estimating standard adsorption Gibbs energy from corrosion inhibition efficiencies: A case of multilayer adsorption,2025,1,True,article
https://doi.org/10.1016/j.corsci.2025.113491,Enhanced pitting resistance of Al0.4Cr0.9FeNi2.2V0.2 high-entropy alloy via coherent nanoprecipitates design,2025,1,True,article
https://doi.org/10.1016/j.corsci.2025.113505,Oxygen-accelerated corrosion of Alloy 800 in a molten LiCl-KCl-MgCl2 eutectic mixture,2025,1,True,article
https://doi.org/10.1016/j.corsci.2025.113495,Validating corrosion models: A comparison of governing equations,2025,1,True,article
https://doi.org/10.1016/j.corsci.2025.113552,"The effects of dislocation density and configuration, and grain boundary properties on hydrogen induced stress cracking of conventionally processed and additively manufactured Inconel 625",2025,1,True,article
https://doi.org/10.1016/j.corsci.2025.113582,Comparing the oxidation behaviour of three generations of single crystal nickel-based superalloys at an intermediate service temperature,2025,1,True,article
https://doi.org/10.1016/j.corsci.2025.113587,New insights into HCl-induced low-temperature corrosion in biomass- and waste-fired boilers,2025,1,True,article
https://doi.org/10.1016/j.corsci.2026.113592,Type II hot corrosion of the polycrystalline nickel-based superalloy AD730 in presence of Na2SO4 and Na2SO4-MgSO4 deposits,2026,1,True,article
https://doi.org/10.1016/j.corsci.2026.113667,The effect of surface preparation and stress on oxidation and carburisation of 316 H stainless steel in CO/CO2 conditions,2026,1,True,article
https://doi.org/10.1016/j.corsci.2026.113765,Spatially-resolved investigation of oxide scale formation in hydrogen and natural gas combustion atmosphere for spring steel on a semi-industrial scale,2026,1,True,article
https://doi.org/10.1016/j.corsci.2023.111217,Superior protection by α-AlO/α-LiAlO double oxide scales against alkali carbonate corrosion,2023,6,True,article
https://doi.org/10.1016/j.corsci.2023.111284,A mechanistic study on dealloying-induced stress corrosion cracking of Alloy 800 in boiling caustic solutions,2023,5,True,article
https://doi.org/10.1016/j.corsci.2023.111675,Delayed parabolic oxidation via transient thermal exposures on a polycrystalline nickel-based superalloy,2023,5,True,article
https://doi.org/10.1016/j.corsci.2024.112122,Nb speciation and microstructural characterization of the oxide layer formed on neutron-irradiated Zr-2.5 Nb alloy in high-temperature water,2024,5,True,article
https://doi.org/10.1016/j.corsci.2024.111843,A time-resolved study of PbCl2-induced corrosion of low-alloyed steel in the presence of water vapour at 400 °C,2024,3,True,article
https://doi.org/10.1016/j.corsci.2024.112175,Insight into the influence of alloying elements on the secondary corrosion protection of Fe-base alloys by means of atom probe tomography,2024,3,True,article
https://doi.org/10.1016/j.corsci.2024.112361,Investigation of in-situ ion release and surface film formation of hcp Mg-Li thin films,2024,3,True,article
https://doi.org/10.1016/j.corsci.2024.112420,On the microscale deformation of the oxide layer formed on a Zr-2.5 Nb alloy: A micropillar compression study,2024,3,True,article
https://doi.org/10.1016/j.corsci.2024.112604,"A high throughput investigation of Al and Cr additions to the Ti-Fe system via diffusion couple technique, and the oxidation characteristics of a microstructural gradient",2024,3,True,article
https://doi.org/10.1016/j.corsci.2024.112668,Effect of Al content on microstructure and oxidation behavior of Si-Al co-deposition coatings on MoSiBTiC alloy,2024,3,True,article
https://doi.org/10.1016/j.corsci.2025.112930,The role of secondary phases on SCC initiation of Alloy 718 in simulated PWR primary water,2025,3,True,article
https://doi.org/10.1016/j.corsci.2025.112899,Steel dissolution in carbonate environments,2025,3,True,article
https://doi.org/10.1016/j.corsci.2025.112995,Inhibition mechanism of a diamond-like carbon (DLC) coating on the fretting crevice corrosion of stainless steel in artificial crevices,2025,3,True,article
https://doi.org/10.1016/j.corsci.2025.113146,Local re-immersion behaviour of Ce-based inhibiting layers on AA2024-T3 intermetallics: Enhanced stability through partial dealloying and prolonged exposure,2025,3,True,article
https://doi.org/10.1016/j.corsci.2023.110959,The influence of oxygen partial pressure on the base oxide of chromia forming steels: The story prior to breakaway oxidation,2023,5,True,article
https://doi.org/10.1016/j.corsci.2023.111565,Low-temperature hot corrosion of arc evaporated Ti1−xAlxN on Ni-Cr-Co based superalloys,2023,3,True,article
https://doi.org/10.1016/j.corsci.2023.111797,Corrosion behavior of various conductive materials in Sb3Sn7 alloy at 450 °C,2023,3,True,article
https://doi.org/10.1016/j.corsci.2023.111153,Nickel oxide scale microstructure and accelerated growth in combustion flue gas: Effect of ash particles,2023,2,True,article
https://doi.org/10.1016/j.corsci.2025.112741,Mechanistic Insight into water film formation and subsequent corrosion-linked dendritic growth on PCBs,2025,2,True,article
https://doi.org/10.1016/j.corsci.2025.112843,Stability of electrochemical hydrogen charging in NaCl aqueous solution containing NH4SCN: Effect of changes in solution chemistry,2025,2,True,article
https://doi.org/10.1016/j.corsci.2025.112933,Effects of Zn and Ni addition on the oxidation behaviour of 316 SS under simulated BWR conditions,2025,2,True,article
https://doi.org/10.1016/j.corsci.2025.113386,In situ 2D visualization of hydrogen entry into Zn-coated steels in NaCl solutions: Roles of Zn dissolution and potential distribution,2025,2,True,article
https://doi.org/10.1016/j.corsci.2023.111024,"Insights into the interfacial speciation of Ni in the corrosion layer of high burnup Zircaloy-2 cladding: A combined XRD, XAS, and LFDFT study",2023,1,True,article
https://doi.org/10.1016/j.corsci.2024.112476,Decomposition products of oxygen scavengers and their effect on corrosion of steam generator materials – I. Diethyl-hydroxylamine and carbohydrazide,2024,1,True,article
https://doi.org/10.1016/j.corsci.2024.112473,The influence of Nickel on the corrosion protection of FeCrNi alloys after breakaway corrosion at 600 °C,2024,1,True,article
https://doi.org/10.1016/j.corsci.2025.112691,Understanding nanoscale oxide build up on EUROFER97,2025,1,True,article
https://doi.org/10.1016/j.corsci.2025.112869,Effect of MgSO4 addition on alkali sulphates induced hot corrosion of a β-NiAl coating,2025,1,True,article
https://doi.org/10.1016/j.corsci.2025.112948,"Correlating nanoporosity, Nb oxidation states and deuterium transport in the oxide layer formed on a Zr-2.5 Nb alloy",2025,1,True,article
https://doi.org/10.1016/j.corsci.2025.112990,Exceptional high-temperature corrosion resistance of multi-component alloys via modulating Al and Nb,2025,1,True,article
https://doi.org/10.1016/j.corsci.2025.113081,"Microstructural influence on high-temperature oxidation of near- <mml:math xmlns:mml=""http://www.w3.org/1998/Math/MathML"" altimg=""si12.svg"" display=""inline"" id=""d1e170""> <mml:mi>α</mml:mi> </mml:math> titanium alloys: Timetal 834 and 6242S",2025,1,True,article
https://doi.org/10.1016/j.corsci.2025.113267,In situ early-stage CO2 corrosion scale study with 2D synchrotron SAXS-WAXS,2025,1,True,article
https://doi.org/10.1016/j.corsci.2023.111142,Effects of NiCl2 and FeCl2 additives on the anodic dissolution behaviours of Inconel 600 in molten LiCl–KCl salts,2023,0,True,article
https://doi.org/10.1016/j.corsci.2024.112545,Unravelling the impact of palladium on ruthenium-induced corrosion of SiC coatings in TRISO particles,2024,0,True,article
https://doi.org/10.1016/j.corsci.2025.112829,"Impact of (NH4)2SO4 agricultural atmospheric pollutant on the degradation mechanisms of thin layer Cu(In,Ga)Se2 solar cells",2025,0,True,article
https://doi.org/10.1016/j.corsci.2025.113175,Accelerated and heterogeneous corrosion of Cr-doped uranium nitride fuel pellets,2025,0,True,article
https://doi.org/10.1016/j.corsci.2025.113410,The effect of macro and microstructure on the mechanical and corrosion behaviour of an innovative LPBF-processed AlSi9Cu3 alloy,2025,0,True,article
https://doi.org/10.1016/j.corsci.2025.113409,Dislocation driven evolution of passivity in L-PBF 316 L: Unveiling the impact of thermal exposure,2025,0,True,article
https://doi.org/10.1016/j.corsci.2025.113444,Role of Mo and W in molten salt corrosion resistance and elemental redistribution of Ni model alloys,2025,0,True,article
https://doi.org/10.1016/j.corsci.2025.113443,Assessing the combined effect of gamma radiation and sulfate-reducing bacteria on copper corrosion for deep nuclear waste storage,2025,0,True,article
https://doi.org/10.1016/j.corsci.2025.113457,Comparative study of the hydrogen-assisted cracking behavior in AISI 420 martensitic stainless steel under different heat treatments,2025,0,True,article
https://doi.org/10.1016/j.corsci.2025.113476,Comparing effects of Si and Mn on isothermal and cyclic oxidation of a ferritic chromia former in water vapour,2025,0,True,article
https://doi.org/10.1016/j.corsci.2025.113486,Service-induced ant-nest corrosion in copper heat exchanger tubes: Mechanistic understanding from multiscale structural and compositional analysis,2025,0,True,article
https://doi.org/10.1016/j.corsci.2025.113521,Enhanced oxidation resistance at 1700 °C of Cf-ZrB2/SiC composites via NbB2/NbC layered coatings,2025,0,True,article
https://doi.org/10.1016/j.corsci.2025.113538,Redox mechanisms and metal fluoride stability in alkali fluoride corrosion -confirmed by experiment,2025,0,True,article
https://doi.org/10.1016/j.corsci.2025.113554,Iron dissolution kinetics of API 5CT C110 carbon steel in acidic environments: A numerical modelling approach,2025,0,True,article
https://doi.org/10.1016/j.corsci.2025.113575,Investigation of kinetics of ECM dendrite growth during corrosion in electronics,2025,0,True,article
https://doi.org/10.1016/j.corsci.2025.113577,Effect of zinc injection on the oxide film structure and corrosion release behavior of Alloy 690TT in high temperature pressurized water,2025,0,True,article
https://doi.org/10.1016/j.corsci.2025.113588,Does additive manufacturing cause intergranular oxidation attack in high-temperature alloys? Case study of Ni-base alloy IN625,2025,0,True,article
https://doi.org/10.1016/j.corsci.2026.113598,Hydrogen embrittlement in low-Ni austenitic stainless steel: Microstructure-driven mechanisms revealed by experimental and simulation study,2026,0,True,article
https://doi.org/10.1016/j.corsci.2026.113597,Chemically complex ordered alloy enables electrochemically stable passivation for superior corrosion resistance,2026,0,True,article
https://doi.org/10.1016/j.corsci.2026.113604,Unexpected low temperature crack propagation in nuclear post-shutdown water chemistry of Alloy 52 with potential effects of hydrogen,2026,0,True,article
https://doi.org/10.1016/j.corsci.2026.113626,A generalized model of corrosion inhibition efficiency for multilayer adsorption,2026,0,True,article
https://doi.org/10.1016/j.corsci.2026.113629,Exploring the use of large language models for EIS: A feasibility study on organic coatings for corrosion protection,2026,0,True,article
https://doi.org/10.1016/j.corsci.2026.113644,Revealing the enhanced corrosion resistance of Cr/FeCrAl-coated Zr alloy in simulated PWR water,2026,0,True,article
https://doi.org/10.1016/j.corsci.2026.113651,Corrosion behavior in liquid lead of a novel FCC non-equiatomic high-entropy alloy capable of forming an alumina protective oxide scale,2026,0,True,article
https://doi.org/10.1016/j.corsci.2026.113678,Effect of shielding gas composition on weld formation and H2S stress corrosion susceptibility of X65 pipeline steel,2026,0,True,article
https://doi.org/10.1016/j.corsci.2026.113711,Corrosion morphology in Al-Zn-Mg-Si alloy coatings: Interdependence of microstructure heterogeneity and microstructure-induced local pH variations,2026,0,True,article
https://doi.org/10.1016/j.corsci.2026.113713,A pre-formed yttria alumina garnet (YAG) and Al2O3 mixed oxide layer induced by continuous laser surface melting in air for inhibiting β depletion in a CoNiCrAlY bond coat alloy,2026,0,True,article
https://doi.org/10.1016/j.corsci.2026.113723,Improved phase differentiation in EBSD data of oxidized stainless steel AISI 304 by indexing via full pattern matching and NPAR,2026,0,True,article
https://doi.org/10.1016/j.corsci.2026.113631,Leaching in active protective coatings observed in-situ by nano-CT using synchrotron radiation,2026,0,True,article
https://doi.org/10.1016/j.corsci.2026.113732,High-temperature aqueous corrosion of Alloy 400: Influence of pH and dissolved oxygen,2026,0,True,article
https://doi.org/10.1016/j.corsci.2026.113730,"In situ quantification of <mml:math xmlns:mml=""http://www.w3.org/1998/Math/MathML"" altimg=""si18.svg"" display=""inline"" id=""d1e2133""> <mml:mi>β</mml:mi> </mml:math> -phase dissolution in Ti-6Al-4V under harsh oxidative conditions",2026,0,True,article
https://doi.org/10.1016/j.corsci.2026.113736,A mechano-chemical investigation of SCC mitigation in pre-strained Alloy 600 in a simulated boiling water reactors environment with high oxygen concentrations,2026,0,True,article
https://doi.org/10.1016/j.corsci.2026.113733,Chromium depletion and microstructural effects on molten salt corrosion of wrought and wire-arc additively manufactured Hastelloy C276 alloys,2026,0,True,article
https://doi.org/10.1016/j.corsci.2026.113746,The effect of carbon and silicon variation on the oxidation resistance of a cobalt-based superalloy,2026,0,True,article
https://doi.org/10.1016/j.corsci.2026.113761,Investigating size and proximity effects in Al-Au micro-galvanic corrosion,2026,0,True,article
https://doi.org/10.1016/j.corsci.2026.113764,Hydrogen-assisted degradation of base metal and heat affected zone in X65 pipeline steel welds with varying surface finishes evaluated by in-situ microcantilever bending,2026,0,True,article
https://doi.org/10.1016/j.corsci.2026.113767,An understanding of irradiation-assisted stress corrosion cracking of heavy ion-irradiated 321 stainless steel in high temperature and high pressure water,2026,0,True,article
https://doi.org/10.1016/j.corsci.2026.113779,Effect of thermal cycling and phase transformations on chemical life of ferritic stainless steels,2026,0,True,article
https://doi.org/10.1016/j.corsci.2026.113781,"An integrated in-situ HTXRD, Scheil–Gulliver, and CALPHAD approach to investigate solidification, thermal phase stability, and oxidation behaviour in AlₓCrCoFeNi high-entropy alloys (HEAs)",2026,0,True,article
https://doi.org/10.1016/j.corsci.2026.113814,"The interdependent roles of chloride, moisture and dissolved oxygen in macro-voids at the steel-concrete interface in corrosion",2026,0,True,article
